entrance_year, course_id, course_category, course_name, course_year, credit_required, credit_elective
2019,BDS 101,武蔵野BASIS,仏教概説,1年,4,0
2019,BDS 111,武蔵野BASIS,共⽣社会,1年,0,2
2019,BDS 201,武蔵野BASIS,しあわせを考える,2年,0,2
2019,HPE 101,武蔵野BASIS,健康体育1,1年,0,1
2019,HPE 201,武蔵野BASIS,健康体育2,2年,0,1
2019,HPE 211,武蔵野BASIS,オリンピック・パラリンピック⽂化論,2年,0,2
2019,HPE 112,武蔵野BASIS,⼈⽣の歩き⽅を考える（キャリアデザイン）,1年,1,0
2019,CLT 101,武蔵野BASIS,コンピュータ基礎1,1年,1,0
2019,CLT 102,武蔵野BASIS,コンピュータ基礎2,1年,0,1
2019,CLT 211,武蔵野BASIS,情報分析⼒1,2年,0,1
2019,CLT 212,武蔵野BASIS,情報分析⼒2,2年,0,1
2019,CLT 221,武蔵野BASIS,情報表現⼒1,2年,0,1
2019,CLT 222,武蔵野BASIS,情報表現⼒2,2年,0,1
2019,SIC 103,武蔵野BASIS,情報分析・創出・表現技法,1年,0,1
2019,SIC 104,武蔵野BASIS,プログラミングリテラシー,1年,0,1
2019,SIC 105,武蔵野BASIS,メディアリテラシー,1年,0,1
2019,SIC 201,武蔵野BASIS,情報技法発展Ａ,2年,0,1
2019,SIC 204,武蔵野BASIS,プログラミング発展Ａ,2年,0,1
2019,ENG 101,武蔵野BASIS,英語1Ａ,1年,1,0
2019,ENG 102,武蔵野BASIS,英語1Ｂ,1年,1,0
2019,ENG 103,武蔵野BASIS,英語1Ｃ,1年,1,0
2019,ENG 104,武蔵野BASIS,英語1Ｄ,1年,1,0
2019,ENG 201,武蔵野BASIS,英語2Ａ,2年,1,0
2019,ENG 202,武蔵野BASIS,英語2Ｂ,2年,1,0
2019,ENG 203,武蔵野BASIS,英語2Ｃ,2年,1,0
2019,ENG 204,武蔵野BASIS,英語2Ｄ,2年,1,0
2019,ENG 301,武蔵野BASIS,英語3Ａ,3年,1,0
2019,ENG 302,武蔵野BASIS,英語3Ｂ,3年,1,0
2019,CHN 101,武蔵野BASIS,中国語１Ａ,1年,0,1
2019,CHN 102,武蔵野BASIS,中国語１Ｂ,1年,0,1
2019,CHN 103,武蔵野BASIS,中国語１Ｃ,1年,0,1
2019,CHN 104,武蔵野BASIS,中国語１Ｄ,1年,0,1
2019,CHN 201,武蔵野BASIS,中国語２Ａ,2年,0,1
2019,CHN 202,武蔵野BASIS,中国語２Ｂ,2年,0,1
2019,CHN 203,武蔵野BASIS,中国語２Ｃ,2年,0,1
2019,CHN 204,武蔵野BASIS,中国語２Ｄ,2年,0,1
2019,CHN 301,武蔵野BASIS,中国語３Ａ,3年,0,1
2019,CHN 302,武蔵野BASIS,中国語３Ｂ,3年,0,1
2019,FRA 101,武蔵野BASIS,フランス語１Ａ,1年,0,1
2019,FRA 102,武蔵野BASIS,フランス語１Ｂ,1年,0,1
2019,FRA 103,武蔵野BASIS,フランス語１Ｃ,1年,0,1
2019,FRA 104,武蔵野BASIS,フランス語１Ｄ,1年,0,1
2019,FRA 201,武蔵野BASIS,フランス語２Ａ,2年,0,1
2019,FRA 202,武蔵野BASIS,フランス語２Ｂ,2年,0,1
2019,FRA 203,武蔵野BASIS,フランス語２Ｃ,2年,0,1
2019,FRA 204,武蔵野BASIS,フランス語２Ｄ,2年,0,1
2019,FRA 301,武蔵野BASIS,フランス語３Ａ,3年,0,1
2019,FRA 302,武蔵野BASIS,フランス語３Ｂ,3年,0,1
2019,GER 101,武蔵野BASIS,ドイツ語１Ａ,1年,0,1
2019,GER 102,武蔵野BASIS,ドイツ語１Ｂ,1年,0,1
2019,GER 103,武蔵野BASIS,ドイツ語１Ｃ,1年,0,1
2019,GER 104,武蔵野BASIS,ドイツ語１Ｄ,1年,0,1
2019,GER 201,武蔵野BASIS,ドイツ語２Ａ,2年,0,1
2019,GER 202,武蔵野BASIS,ドイツ語２Ｂ,2年,0,1
2019,GER 203,武蔵野BASIS,ドイツ語２Ｃ,2年,0,1
2019,GER 204,武蔵野BASIS,ドイツ語２Ｄ,2年,0,1
2019,GER 301,武蔵野BASIS,ドイツ語３Ａ,3年,0,1
2019,GER 302,武蔵野BASIS,ドイツ語３Ｂ,3年,0,1
2019,SPA 101,武蔵野BASIS,スペイン語１Ａ,1年,0,1
2019,SPA 102,武蔵野BASIS,スペイン語１Ｂ,1年,0,1
2019,SPA 103,武蔵野BASIS,スペイン語１Ｃ,1年,0,1
2019,SPA 104,武蔵野BASIS,スペイン語１Ｄ,1年,0,1
2019,SPA 201,武蔵野BASIS,スペイン語２Ａ,2年,0,1
2019,SPA 202,武蔵野BASIS,スペイン語２Ｂ,2年,0,1
2019,SPA 203,武蔵野BASIS,スペイン語２Ｃ,2年,0,1
2019,SPA 204,武蔵野BASIS,スペイン語２Ｄ,2年,0,1
2019,SPA 301,武蔵野BASIS,スペイン語３Ａ,3年,0,1
2019,SPA 302,武蔵野BASIS,スペイン語３Ｂ,3年,0,1
2019,KOR 101,武蔵野BASIS,韓国語１Ａ,1年,0,1
2019,KOR 102,武蔵野BASIS,韓国語１Ｂ,1年,0,1
2019,KOR 103,武蔵野BASIS,韓国語１Ｃ,1年,0,1
2019,KOR 104,武蔵野BASIS,韓国語１Ｄ,1年,0,1
2019,KOR 201,武蔵野BASIS,韓国語２Ａ,2年,0,1
2019,KOR 202,武蔵野BASIS,韓国語２Ｂ,2年,0,1
2019,KOR 203,武蔵野BASIS,韓国語２Ｃ,2年,0,1
2019,KOR 204,武蔵野BASIS,韓国語２Ｄ,2年,0,1
2019,KOR 301,武蔵野BASIS,韓国語３Ａ,3年,0,1
2019,KOR 302,武蔵野BASIS,韓国語３Ｂ,3年,0,1
2019,AL 301,武蔵野BASIS,English for Studying Abroad 1,1・2年,0,1
2019,AL 302,武蔵野BASIS,English for Studying Abroad 2,1・2年,0,1
2019,AL 101,武蔵野BASIS,英語資格・検定試験対策A,1年,0,1
2019,AL 102,武蔵野BASIS,英語資格・検定試験対策B,1年,0,1
2019,JL 101,武蔵野BASIS,⽇本語リテラシー,1年,1,0
2019,SD 101,武蔵野BASIS,基礎セルフディベロップメント,1年,6,0
2019,SD 201,武蔵野BASIS,芸術のすすめ,2年,0,2
2019,SD 202,武蔵野BASIS,数学的ものの考え⽅,2年,0,2
2019,SD 203,武蔵野BASIS,社会現象を分析する,2年,0,2
2019,SD 204,武蔵野BASIS,環境学への展望,2年,0,2
2019,SD 205,武蔵野BASIS,⼈間の⼼理を探る,2年,0,2
2019,SD 206,武蔵野BASIS,⽣命科学と⼈間,2年,0,2
2019,SD 207,武蔵野BASIS,市⺠の社会貢献,2年,0,2
2019,SD 208,武蔵野BASIS,市⺠⽣活と権利を考える,2年,0,2
2019,SD 209,武蔵野BASIS,現代メディアの探求,2年,0,2
2019,SD 210,武蔵野BASIS,社会情報と⽣活,2年,0,2
2019,SD 211,武蔵野BASIS,⽇本の歴史,2年,0,2
2019,SD 212,武蔵野BASIS,外国の歴史,2年,0,2
2019,SD 213,武蔵野BASIS,哲学への探索,2年,0,2
2019,SD 214,武蔵野BASIS,⽂化⼈類学への誘い,2年,0,2
2019,SD 215,武蔵野BASIS,⽂学を読み解く楽しみ,2年,0,2
2019,LAS 101,武蔵野BASIS,全学教養ゼミナール１,1年,0,2
2019,LAS 102,武蔵野BASIS,全学教養ゼミナール２,1年,0,2
2019,SD 221,武蔵野BASIS,ホスピタリティマインド概論,2年,0,2
2019,SD 222,武蔵野BASIS,ホスピタリティマインド各論,2年,0,2
2019,SD 231,武蔵野BASIS,プレゼンテーション,2年,0,2
2019,FW 101,武蔵野BASIS,フィールド・スタディーズ,1年,1,0
2019,FW 111,武蔵野BASIS,フィールド・スタディーズ１,1年,0,1
2019,FW 112,武蔵野BASIS,フィールド・スタディーズ２,1年,0,2
2019,FW 113,武蔵野BASIS,フィールド・スタディーズ３,1年,0,3
2019,FW 114,武蔵野BASIS,フィールド・スタディーズ４,1年,0,4
2019,FW 121,武蔵野BASIS,海外フィールド・スタディーズ１,1年,0,2
2019,FW 122,武蔵野BASIS,海外フィールド・スタディーズ２,1年,0,3
2019,FW 123,武蔵野BASIS,海外フィールド・スタディーズ３,1年,0,4
2019,FW 124,武蔵野BASIS,海外フィールド・スタディーズ４,1年,0,5
2019,FW 125,武蔵野BASIS,海外フィールド・スタディーズ５,1年,0,6
2019,AFS 101,武蔵野BASIS,フィールド・スタディーズ発展１Ａ,1年,0,1
2019,AFS 102,武蔵野BASIS,フィールド・スタディーズ発展１Ｂ,1年,0,2
2019,AFS 103,武蔵野BASIS,フィールド・スタディーズ発展１Ｃ,1年,0,3
2019,AFS 104,武蔵野BASIS,フィールド・スタディーズ発展１Ｄ,1年,0,4
2019,AFS 201,武蔵野BASIS,フィールド・スタディーズ発展２Ａ,2年,0,1
2019,AFS 202,武蔵野BASIS,フィールド・スタディーズ発展２Ｂ,2年,0,2
2019,AFS 203,武蔵野BASIS,フィールド・スタディーズ発展２Ｃ,2年,0,3
2019,AFS 204,武蔵野BASIS,フィールド・スタディーズ発展２Ｄ,2年,0,4
2019,AFS 205,武蔵野BASIS,フィールド・スタディーズ発展２Ｅ,2年,0,5
2019,AFS 301,武蔵野BASIS,フィールド・スタディーズ発展３Ａ,3年,0,1
2019,AFS 302,武蔵野BASIS,フィールド・スタディーズ発展３Ｂ,3年,0,2
2019,AFS 303,武蔵野BASIS,フィールド・スタディーズ発展３Ｃ,3年,0,3
2019,AFS 304,武蔵野BASIS,フィールド・スタディーズ発展３Ｄ,3年,0,4
2019,AFS 305,武蔵野BASIS,フィールド・スタディーズ発展３Ｅ,3年,0,5
2019,AFS 401,武蔵野BASIS,フィールド・スタディーズ発展４Ａ,4年,0,1
2019,AFS 402,武蔵野BASIS,フィールド・スタディーズ発展４Ｂ,4年,0,2
2019,AFS 403,武蔵野BASIS,フィールド・スタディーズ発展４Ｃ,4年,0,3
2019,AFS 404,武蔵野BASIS,フィールド・スタディーズ発展４Ｄ,4年,0,4
2019,INT 201,武蔵野BASIS,インターンシップ（事前研究）,2年,0,1
2019,INT 211,武蔵野BASIS,インターンシップ１,2年,0,1
2019,INT 212,武蔵野BASIS,インターンシップ２,2年,0,2
2019,INT 213,武蔵野BASIS,インターンシップ３,2年,0,4
2019,INT 214,武蔵野BASIS,インターンシップ４,2年,0,6
2019,INT 221,武蔵野BASIS,海外インターンシップ１,2年,0,4
2019,INT 222,武蔵野BASIS,海外インターンシップ２,2年,0,6
2019,INT 223,武蔵野BASIS,海外インターンシップ３,2年,0,8
2019,SUBM 201,武蔵野BASIS,サブ・メジャー（ゼミナール）１,2年,0,2
2019,SUBM 202,武蔵野BASIS,サブ・メジャー（ゼミナール）２,2年,0,4
2019,SUBM 311,武蔵野BASIS,サブ・メジャー（総合研究）１,3年,0,2
2019,SUBM 312,武蔵野BASIS,サブ・メジャー（総合研究）２,3年,0,4
2019,EC 101,武蔵野BASIS,寄付講座1,1･2･3･4年,0,2
2019,EC 201,武蔵野BASIS,資⾦計画論,2年,0,2
2019,EC 202,武蔵野BASIS,証券ビジネス論,2年,0,2
2019,EC 203,武蔵野BASIS,経済教育論,2年,0,2
2019,EC 204,武蔵野BASIS,⾦融リテラシー(⾦融と⼈⽣設計),2年,0,2
2019,EC 205,武蔵野BASIS,未来型都市とメディア,2年,0,2
2019,DS 101,学科,データサイエンス学,1年,2,0
2019,INFO 141,学科,⼈類と⼈⼯知能(AI),1年,2,0
2019,CS 101,学科,メディアクリエーション・データデザイン演習Ⅰ,1年,1,0
2019,CS 102,学科,メディアクリエーション・データデザイン演習Ⅱ,1年,1,0
2019,INFO 101,学科,データサイエンスプログラミング演習Ⅰ,1年,1,0
2019,INFO 102,学科,データサイエンスプログラミング演習Ⅱ,1年,1,0
2019,INFO 211,学科,データと数理Ⅰ,2年,2,0
2019,INFO 212,学科,データと数理Ⅱ,2年,2,0
2019,ECO 201,学科,データと経済統計,2年,2,0
2019,ECO 202,学科,データと計量経済学,2年,2,0
2019,CS 111,学科,ソーシャルイノベーションの起こし⽅,1年,2,0
2019,ES 201,学科,グリーンエコノミー基礎,2年,2,0
2019,INFO 205,学科,サイバーフィジカルシステム,2年,2,0
2019,INFO 121,学科,機械学習と深層学習,1年,2,0
2019,INFO 206,学科,Webテクノロジ,2年,2,0
2019,INFO 221,学科,複合現実,2年,2,0
2019,CS 211,学科,マーケティングデータ分析,2年,2,0
2019,INFO 201,学科,機械学習デザイン演習Ⅰ,2年,1,0
2019,INFO 202,学科,機械学習デザイン演習Ⅱ,2年,1,0
2019,INFO 203,学科,⼈⼯知能(AI)デザイン演習Ⅰ,2年,1,0
2019,INFO 204,学科,⼈⼯知能(AI)デザイン演習Ⅱ,2年,1,0
2019,DS 301,学科,データサイエンス特論,3年,2,0
2019,ECO 301,学科,情報経済特論,3年,2,0
2019,INFO 323,学科,データマイニング,3年,2,0
2019,INFO 241,学科,⼈⼯知能(AI)テクノロジ,2年,0,2
2019,INFO 301,学科,マルチメディア知識ベース,3年,0,2
2019,INFO 343,学科,⼈⼯知能(AI)・⼈間協調進化システム,3年,0,2
2019,INFO 345,学科,⼈⼯知能(AI)ゲームクリエーション,3年,0,2
2019,INFO 324,学科,ロボティクス・IoT,3年,0,2
2019,INFO 346,学科,サイバーセキュリティと⼈⼯知能(AI),3年,0,2
2019,INFO 222,学科,機械学習アルゴリズムデザイン,2年,0,2
2019,INFO 302,学科,データベースデザイン,3年,0,2
2019,INFO 321,学科,画像・⾳声認識システム,3年,0,2
2019,INFO 322,学科,テキストマイニング,3年,0,2
2019,INFO 303,学科,時空間データベース,3年,0,2
2019,ES 303,学科,リアルワールド解析シミュレータ,3年,0,2
2019,CS 311,学科,マーケティング・オートメーション,3年,0,2
2019,INFO 341,学科,⼈⼯知能(AI)社会の情報倫理,3年,0,2
2019,ES 301,学科,社会・環境・ビジネスデザイン,3年,0,2
2019,SS 311,学科,グローバル・ビジネス・ガバナンス,3年,0,2
2019,CS 312,学科,ビジネスモデル創出,3年,0,2
2019,ES 302,学科,社会・環境・ビジネスフィールドワーク,3年,0,2
2019,INFO 342,学科,専⾨コース演習Ⅰ(⼈⼯知能(AI)クリエーション),3年,1,0
2019,INFO 344,学科,専⾨コース演習Ⅱ(⼈⼯知能(AI)アルゴリズムデザイン),3年,1,0
2019,CS 313,学科,専⾨コース演習Ⅲ(ソーシャルイノベーション),3年,1,0
2019,SS 201,学科,社会連携活動概論,2年,1,0
2019,SS 202,学科,データサイエンス社会実践学習(短期）,2・3年,0,1
2019,SS 203,学科,データサイエンス社会実践学習(中期),2・3年,0,2
2019,SS 204,学科,データサイエンス社会実践学習(⻑期),2・3年,0,3
2019,SS 205,学科,データサイエンス社会実践学習(海外),2・3年,0,4
2019,DS 102,学科,未来創造PJ-AⅠ,1年,0,4
2019,DS 103,学科,未来創造PJ-BⅠ,1年,0,2
2019,DS 201,学科,未来創造PJ-AⅡ,2年,0,4
2019,DS 202,学科,未来創造PJ-BⅡ,2年,0,2
2019,DS 203,学科,未来創造PJ-AⅢ,2年,0,4
2019,DS 204,学科,未来創造PJ-BⅢ,2年,0,2
2019,DS 302,学科,未来創造PJ-AⅣ,3年,0,4
2019,DS 303,学科,未来創造PJ-BⅣ,3年,0,2
2019,DS 304,学科,卒業論⽂創成課題,3年,2,0
2019,DS 401,学科,卒業論⽂Ⅰ,4年,4,0
2019,DS 402,学科,卒業論⽂Ⅱ,4年,4,0
2020,BDS 101,武蔵野BASIS,仏教概説,1年,4,0
2020,BDS 111,武蔵野BASIS,共⽣社会,1年,0,2
2020,BDS 201,武蔵野BASIS,しあわせを考える,2年,0,2
2020,HPE 101,武蔵野BASIS,スポーツと⾝体科学,1年,0,1
2020,HPE 201,武蔵野BASIS,フィールド・スポーツ,2年,0,1
2020,HPE 211,武蔵野BASIS,オリンピック・パラリンピック⽂化論,2年,0,2
2020,SIC 101,武蔵野BASIS,データ・情報リテラシー,1年,1,0
2020,SIC 102,武蔵野BASIS,メディア・⼈⼯知能リテラシー,1年,1,0
2020,SIC 103,武蔵野BASIS,情報分析・創出・表現技法,1年,0,1
2020,SIC 104,武蔵野BASIS,プログラミングリテラシー,1年,0,1
2020,SIC 105,武蔵野BASIS,メディアリテラシー,1年,0,1
2020,SIC 201,武蔵野BASIS,情報技法発展Ａ,2年,0,1
2020,SIC 204,武蔵野BASIS,プログラミング発展Ａ,2年,0,1
2020,ENG 101,武蔵野BASIS,英語1Ａ,1年,1,0
2020,ENG 102,武蔵野BASIS,英語1Ｂ,1年,1,0
2020,ENG 103,武蔵野BASIS,英語1Ｃ,1年,1,0
2020,ENG 104,武蔵野BASIS,英語1Ｄ,1年,1,0
2020,ENG 201,武蔵野BASIS,英語2Ａ,2年,0,1
2020,ENG 202,武蔵野BASIS,英語2Ｂ,2年,0,1
2020,ENG 203,武蔵野BASIS,英語2Ｃ,2年,0,1
2020,ENG 204,武蔵野BASIS,英語2Ｄ,2年,0,1
2020,ENG 301,武蔵野BASIS,英語3Ａ,3年,0,1
2020,ENG 302,武蔵野BASIS,英語3Ｂ,3年,0,1
2020,CHN 101,武蔵野BASIS,中国語１Ａ,1年,0,1
2020,CHN 102,武蔵野BASIS,中国語１Ｂ,1年,0,1
2020,CHN 103,武蔵野BASIS,中国語１Ｃ,1年,0,1
2020,CHN 104,武蔵野BASIS,中国語１Ｄ,1年,0,1
2020,CHN 201,武蔵野BASIS,中国語２Ａ,2年,0,1
2020,CHN 202,武蔵野BASIS,中国語２Ｂ,2年,0,1
2020,CHN 203,武蔵野BASIS,中国語２Ｃ,2年,0,1
2020,CHN 204,武蔵野BASIS,中国語２Ｄ,2年,0,1
2020,CHN 301,武蔵野BASIS,中国語３Ａ,3年,0,1
2020,CHN 302,武蔵野BASIS,中国語３Ｂ,3年,0,1
2020,FRA 101,武蔵野BASIS,フランス語１Ａ,1年,0,1
2020,FRA 102,武蔵野BASIS,フランス語１Ｂ,1年,0,1
2020,FRA 103,武蔵野BASIS,フランス語１Ｃ,1年,0,1
2020,FRA 104,武蔵野BASIS,フランス語１Ｄ,1年,0,1
2020,FRA 201,武蔵野BASIS,フランス語２Ａ,2年,0,1
2020,FRA 202,武蔵野BASIS,フランス語２Ｂ,2年,0,1
2020,FRA 203,武蔵野BASIS,フランス語２Ｃ,2年,0,1
2020,FRA 204,武蔵野BASIS,フランス語２Ｄ,2年,0,1
2020,FRA 301,武蔵野BASIS,フランス語３Ａ,3年,0,1
2020,FRA 302,武蔵野BASIS,フランス語３Ｂ,3年,0,1
2020,GER 101,武蔵野BASIS,ドイツ語１Ａ,1年,0,1
2020,GER 102,武蔵野BASIS,ドイツ語１Ｂ,1年,0,1
2020,GER 103,武蔵野BASIS,ドイツ語１Ｃ,1年,0,1
2020,GER 104,武蔵野BASIS,ドイツ語１Ｄ,1年,0,1
2020,GER 201,武蔵野BASIS,ドイツ語２Ａ,2年,0,1
2020,GER 202,武蔵野BASIS,ドイツ語２Ｂ,2年,0,1
2020,GER 203,武蔵野BASIS,ドイツ語２Ｃ,2年,0,1
2020,GER 204,武蔵野BASIS,ドイツ語２Ｄ,2年,0,1
2020,GER 301,武蔵野BASIS,ドイツ語３Ａ,3年,0,1
2020,GER 302,武蔵野BASIS,ドイツ語３Ｂ,3年,0,1
2020,SPA 101,武蔵野BASIS,スペイン語１Ａ,1年,0,1
2020,SPA 102,武蔵野BASIS,スペイン語１Ｂ,1年,0,1
2020,SPA 103,武蔵野BASIS,スペイン語１Ｃ,1年,0,1
2020,SPA 104,武蔵野BASIS,スペイン語１Ｄ,1年,0,1
2020,SPA 201,武蔵野BASIS,スペイン語２Ａ,2年,0,1
2020,SPA 202,武蔵野BASIS,スペイン語２Ｂ,2年,0,1
2020,SPA 203,武蔵野BASIS,スペイン語２Ｃ,2年,0,1
2020,SPA 204,武蔵野BASIS,スペイン語２Ｄ,2年,0,1
2020,SPA 301,武蔵野BASIS,スペイン語３Ａ,3年,0,1
2020,SPA 302,武蔵野BASIS,スペイン語３Ｂ,3年,0,1
2020,KOR 101,武蔵野BASIS,韓国語１Ａ,1年,0,1
2020,KOR 102,武蔵野BASIS,韓国語１Ｂ,1年,0,1
2020,KOR 103,武蔵野BASIS,韓国語１Ｃ,1年,0,1
2020,KOR 104,武蔵野BASIS,韓国語１Ｄ,1年,0,1
2020,KOR 201,武蔵野BASIS,韓国語２Ａ,2年,0,1
2020,KOR 202,武蔵野BASIS,韓国語２Ｂ,2年,0,1
2020,KOR 203,武蔵野BASIS,韓国語２Ｃ,2年,0,1
2020,KOR 204,武蔵野BASIS,韓国語２Ｄ,2年,0,1
2020,KOR 301,武蔵野BASIS,韓国語３Ａ,3年,0,1
2020,KOR 302,武蔵野BASIS,韓国語３Ｂ,3年,0,1
2020,AL 301,武蔵野BASIS,English for Studying Abroad 1,1・2年,0,1
2020,AL 302,武蔵野BASIS,English for Studying Abroad 2,1・2年,0,1
2020,AL 101,武蔵野BASIS,英語資格・検定試験対策A,1年,0,1
2020,AL 102,武蔵野BASIS,英語資格・検定試験対策B,1年,0,1
2020,JL 101,武蔵野BASIS,⽇本語リテラシー,1年,1,0
2020,SD 101,武蔵野BASIS,基礎セルフディベロップメント,1年,6,0
2020,SD 201,武蔵野BASIS,芸術のすすめ,2年,0,2
2020,SD 202,武蔵野BASIS,数学的ものの考え⽅,2年,0,2
2020,SD 203,武蔵野BASIS,社会現象を分析する,2年,0,2
2020,SD 204,武蔵野BASIS,環境学への展望,2年,0,2
2020,SD 205,武蔵野BASIS,⼈間の⼼理を探る,2年,0,2
2020,SD 206,武蔵野BASIS,⽣命科学と⼈間,2年,0,2
2020,SD 207,武蔵野BASIS,市⺠の社会貢献,2年,0,2
2020,SD 208,武蔵野BASIS,市⺠⽣活と権利を考える,2年,0,2
2020,SD 209,武蔵野BASIS,現代メディアの探求,2年,0,2
2020,SD 210,武蔵野BASIS,社会情報と⽣活,2年,0,2
2020,SD 211,武蔵野BASIS,⽇本の歴史,2年,0,2
2020,SD 212,武蔵野BASIS,外国の歴史,2年,0,2
2020,SD 213,武蔵野BASIS,哲学への探索,2年,0,2
2020,SD 214,武蔵野BASIS,⽂化⼈類学への誘い,2年,0,2
2020,SD 215,武蔵野BASIS,⽂学を読み解く楽しみ,2年,0,2
2020,LAS 101,武蔵野BASIS,全学教養ゼミナール１,1年,0,2
2020,LAS 102,武蔵野BASIS,全学教養ゼミナール２,1年,0,2
2020,SD 221,武蔵野BASIS,ホスピタリティマインド概論,2年,0,2
2020,SD 222,武蔵野BASIS,ホスピタリティマインド各論,2年,0,2
2020,FW 101,武蔵野BASIS,フィールド・スタディーズ,1年,1,0
2020,FW 111,武蔵野BASIS,フィールド・スタディーズ１,1年,0,1
2020,FW 112,武蔵野BASIS,フィールド・スタディーズ２,1年,0,2
2020,FW 113,武蔵野BASIS,フィールド・スタディーズ３,1年,0,3
2020,FW 114,武蔵野BASIS,フィールド・スタディーズ４,1年,0,4
2020,FW 121,武蔵野BASIS,海外フィールド・スタディーズ１,1年,0,2
2020,FW 122,武蔵野BASIS,海外フィールド・スタディーズ２,1年,0,3
2020,FW 123,武蔵野BASIS,海外フィールド・スタディーズ３,1年,0,4
2020,FW 124,武蔵野BASIS,海外フィールド・スタディーズ４,1年,0,5
2020,FW 125,武蔵野BASIS,海外フィールド・スタディーズ５,1年,0,6
2020,AFS 101,武蔵野BASIS,フィールド・スタディーズ発展１Ａ,1年,0,1
2020,AFS 102,武蔵野BASIS,フィールド・スタディーズ発展１Ｂ,1年,0,2
2020,AFS 103,武蔵野BASIS,フィールド・スタディーズ発展１Ｃ,1年,0,3
2020,AFS 104,武蔵野BASIS,フィールド・スタディーズ発展１Ｄ,1年,0,4
2020,AFS 201,武蔵野BASIS,フィールド・スタディーズ発展２Ａ,2年,0,1
2020,AFS 202,武蔵野BASIS,フィールド・スタディーズ発展２Ｂ,2年,0,2
2020,AFS 203,武蔵野BASIS,フィールド・スタディーズ発展２Ｃ,2年,0,3
2020,AFS 204,武蔵野BASIS,フィールド・スタディーズ発展２Ｄ,2年,0,4
2020,AFS 205,武蔵野BASIS,フィールド・スタディーズ発展２Ｅ,2年,0,5
2020,AFS 301,武蔵野BASIS,フィールド・スタディーズ発展３Ａ,3年,0,1
2020,AFS 302,武蔵野BASIS,フィールド・スタディーズ発展３Ｂ,3年,0,2
2020,AFS 303,武蔵野BASIS,フィールド・スタディーズ発展３Ｃ,3年,0,3
2020,AFS 304,武蔵野BASIS,フィールド・スタディーズ発展３Ｄ,3年,0,4
2020,AFS 305,武蔵野BASIS,フィールド・スタディーズ発展３Ｅ,3年,0,5
2020,AFS 401,武蔵野BASIS,フィールド・スタディーズ発展４Ａ,4年,0,1
2020,AFS 402,武蔵野BASIS,フィールド・スタディーズ発展４Ｂ,4年,0,2
2020,AFS 403,武蔵野BASIS,フィールド・スタディーズ発展４Ｃ,4年,0,3
2020,AFS 404,武蔵野BASIS,フィールド・スタディーズ発展４Ｄ,4年,0,4
2020,INT 201,武蔵野BASIS,インターンシップ（事前研究）,2年,0,1
2020,INT 211,武蔵野BASIS,インターンシップ１,2年,0,1
2020,INT 212,武蔵野BASIS,インターンシップ２,2年,0,2
2020,INT 213,武蔵野BASIS,インターンシップ３,2年,0,4
2020,INT 214,武蔵野BASIS,インターンシップ４,2年,0,6
2020,INT 221,武蔵野BASIS,海外インターンシップ１,2年,0,4
2020,INT 222,武蔵野BASIS,海外インターンシップ２,2年,0,6
2020,INT 223,武蔵野BASIS,海外インターンシップ３,2年,0,8
2020,SUBM 201,武蔵野BASIS,サブ・メジャー（ゼミナール）１,2年,0,2
2020,SUBM 202,武蔵野BASIS,サブ・メジャー（ゼミナール）２,2年,0,4
2020,SUBM 311,武蔵野BASIS,サブ・メジャー（総合研究）１,3年,0,2
2020,SUBM 312,武蔵野BASIS,サブ・メジャー（総合研究）２,3年,0,4
2020,EC 101,武蔵野BASIS,寄付講座1,1･2･3･4年,0,2
2020,EC 201,武蔵野BASIS,資⾦計画論,2年,0,2
2020,EC 202,武蔵野BASIS,証券ビジネス論,2年,0,2
2020,EC 203,武蔵野BASIS,経済教育論,2年,0,2
2020,EC 204,武蔵野BASIS,⾦融リテラシー(⾦融と⼈⽣設計),2年,0,2
2020,EC 205,武蔵野BASIS,未来型都市とメディア,2年,0,2
2020,DS 101,学科,データサイエンス学,1年,2,0
2020,INFO 141,学科,⼈類と⼈⼯知能(AI),1年,2,0
2020,CS 101,学科,メディアクリエーション・データデザイン演習Ⅰ,1年,1,0
2020,CS 102,学科,メディアクリエーション・データデザイン演習Ⅱ,1年,1,0
2020,INFO 101,学科,データサイエンスプログラミング演習Ⅰ,1年,1,0
2020,INFO 102,学科,データサイエンスプログラミング演習Ⅱ,1年,1,0
2020,INFO 211,学科,データと数理Ⅰ,2年,2,0
2020,INFO 212,学科,データと数理Ⅱ,2年,2,0
2020,ECO 201,学科,データと経済統計,2年,2,0
2020,ECO 202,学科,データと計量経済学,2年,2,0
2020,CS 111,学科,ソーシャルイノベーションの起こし⽅,1年,2,0
2020,ES 201,学科,グリーンエコノミー基礎,2年,2,0
2020,INFO 205,学科,サイバーフィジカルシステム,2年,2,0
2020,INFO 121,学科,機械学習と深層学習,1年,2,0
2020,INFO 206,学科,Webテクノロジ,2年,2,0
2020,INFO 221,学科,複合現実,2年,2,0
2020,CS 211,学科,マーケティングデータ分析,2年,2,0
2020,INFO 201,学科,機械学習デザイン演習Ⅰ,2年,1,0
2020,INFO 202,学科,機械学習デザイン演習Ⅱ,2年,1,0
2020,INFO 203,学科,⼈⼯知能(AI)デザイン演習Ⅰ,2年,1,0
2020,INFO 204,学科,⼈⼯知能(AI)デザイン演習Ⅱ,2年,1,0
2020,DS 301,学科,データサイエンス特論,3年,2,0
2020,ECO 301,学科,情報経済特論,3年,2,0
2020,INFO 323,学科,データマイニング,3年,2,0
2020,INFO 241,学科,⼈⼯知能(AI)テクノロジ,2年,0,2
2020,INFO 301,学科,マルチメディア知識ベース,3年,0,2
2020,INFO 343,学科,⼈⼯知能(AI)・⼈間協調進化システム,3年,0,2
2020,INFO 345,学科,⼈⼯知能(AI)ゲームクリエーション,3年,0,2
2020,INFO 324,学科,ロボティクス・IoT,3年,0,2
2020,INFO 346,学科,サイバーセキュリティと⼈⼯知能(AI),3年,0,2
2020,INFO 222,学科,機械学習アルゴリズムデザイン,2年,0,2
2020,INFO 302,学科,データベースデザイン,3年,0,2
2020,INFO 321,学科,画像・⾳声認識システム,3年,0,2
2020,INFO 322,学科,テキストマイニング,3年,0,2
2020,INFO 303,学科,時空間データベース,3年,0,2
2020,ES 303,学科,リアルワールド解析シミュレータ,3年,0,2
2020,CS 311,学科,マーケティング・オートメーション,3年,0,2
2020,INFO 341,学科,⼈⼯知能(AI)社会の情報倫理,3年,0,2
2020,ES 301,学科,社会・環境・ビジネスデザイン,3年,0,2
2020,SS 311,学科,グローバル・ビジネス・ガバナンス,3年,0,2
2020,CS 312,学科,ビジネスモデル創出,3年,0,2
2020,ES 302,学科,社会・環境・ビジネスフィールドワーク,3年,0,2
2020,INFO 342,学科,専⾨コース演習Ⅰ(⼈⼯知能(AI)クリエーション),3年,1,0
2020,INFO 344,学科,専⾨コース演習Ⅱ(⼈⼯知能(AI)アルゴリズムデザイン),3年,1,0
2020,CS 313,学科,専⾨コース演習Ⅲ(ソーシャルイノベーション),3年,1,0
2020,SS 201,学科,社会連携活動概論,2年,1,0
2020,SS 202,学科,データサイエンス社会実践学習(短期）,2・3年,0,1
2020,SS 203,学科,データサイエンス社会実践学習(中期),2・3年,0,2
2020,SS 204,学科,データサイエンス社会実践学習(⻑期),2・3年,0,3
2020,SS 205,学科,データサイエンス社会実践学習(海外),2・3年,0,4
2020,DS 102,学科,未来創造PJ-AⅠ,1年,0,4
2020,DS 103,学科,未来創造PJ-BⅠ,1年,0,2
2020,DS 201,学科,未来創造PJ-AⅡ,2年,0,4
2020,DS 202,学科,未来創造PJ-BⅡ,2年,0,2
2020,DS 203,学科,未来創造PJ-AⅢ,2年,0,4
2020,DS 204,学科,未来創造PJ-BⅢ,2年,0,2
2020,DS 302,学科,未来創造PJ-AⅣ,3年,0,4
2020,DS 303,学科,未来創造PJ-BⅣ,3年,0,2
2020,DS 304,学科,卒業論⽂創成課題,3年,2,0
2020,DS 401,学科,卒業論⽂Ⅰ,4年,4,0
2020,DS 402,学科,卒業論⽂Ⅱ,4年,4,0
2021,BDS 101,武蔵野INITIAL,仏教（⽣き⽅を考える）基礎,1年,2,0
2021,BDS 301,武蔵野INITIAL,仏教（⽣き⽅を考える）発展,3年,2,0
2021,HPE 101,武蔵野INITIAL,スポーツと⾝体科学,1年,1,0
2021,HPE 201,武蔵野INITIAL,フィールド・スポーツ,2年,0,1
2021,SIC 101,武蔵野INITIAL,データサイエンス基礎,1年,1,0
2021,SIC 102,武蔵野INITIAL,⼈⼯知能基礎,1年,1,0
2021,SIC 105,武蔵野INITIAL,メディアリテラシー,1年,0,1
2021,SIC 103,武蔵野INITIAL,情報技法基礎,1年,0,1
2021,SIC 201,武蔵野INITIAL,情報技法発展Ａ,2年,0,1
2021,SIC 202,武蔵野INITIAL,情報技法発展Ｂ,2年,0,1
2021,SIC 203,武蔵野INITIAL,情報技法発展Ｃ,2年,0,1
2021,SIC 104,武蔵野INITIAL,プログラミング基礎,1年,0,1
2021,SIC 204,武蔵野INITIAL,プログラミング発展Ａ,2年,0,1
2021,SIC 205,武蔵野INITIAL,プログラミング発展Ｂ,2年,0,1
2021,SIC 206,武蔵野INITIAL,⼈⼯知能技術と社会,2年,0,1
2021,SIC 207,武蔵野INITIAL,機械学習活⽤１,2年,0,1
2021,SIC 208,武蔵野INITIAL,機械学習活⽤２,2年,0,1
2021,SIC 209,武蔵野INITIAL,データサイエンス活⽤１,2年,0,1
2021,SIC 210,武蔵野INITIAL,データサイエンス活⽤２,2年,0,1
2021,SIC 211,武蔵野INITIAL,メディアデザイン,2年,0,1
2021,SIC 213,武蔵野INITIAL,サービスデザイン,2年,0,1
2021,SIC 301,武蔵野INITIAL,⼈⼯知能実践プロジェクト,3年,0,2
2021,ENG 101,武蔵野INITIAL,英語基礎Ａ,1年,2,0
2021,ENG 102,武蔵野INITIAL,英語基礎Ｂ,1年,0,1
2021,ENG 103,武蔵野INITIAL,英語基礎Ｃ,1年,2,0
2021,ENG 104,武蔵野INITIAL,英語基礎Ｄ,1年,0,1
2021,ENG 201,武蔵野INITIAL,英語発展Ａ,2年,0,1
2021,ENG 202,武蔵野INITIAL,英語発展Ｂ,2年,0,1
2021,ENG 203,武蔵野INITIAL,英語発展Ｃ,2年,0,1
2021,ENG 204,武蔵野INITIAL,英語発展Ｄ,2年,0,1
2021,ENG 301,武蔵野INITIAL,英語綜合Ａ,3年,0,1
2021,ENG 302,武蔵野INITIAL,英語綜合Ｂ,3年,0,1
2021,CHN 101,武蔵野INITIAL,中国語基礎１,1年,0,1
2021,CHN 102,武蔵野INITIAL,中国語基礎２,1年,0,1
2021,CHN 201,武蔵野INITIAL,中国語発展１,2年,0,1
2021,CHN 202,武蔵野INITIAL,中国語発展２,2年,0,1
2021,FRA 101,武蔵野INITIAL,フランス語基礎１,1年,0,1
2021,FRA 102,武蔵野INITIAL,フランス語基礎２,1年,0,1
2021,FRA 201,武蔵野INITIAL,フランス語発展１,2年,0,1
2021,FRA 202,武蔵野INITIAL,フランス語発展２,2年,0,1
2021,GER 101,武蔵野INITIAL,ドイツ語基礎１,1年,0,1
2021,GER 102,武蔵野INITIAL,ドイツ語基礎２,1年,0,1
2021,GER 201,武蔵野INITIAL,ドイツ語発展１,2年,0,1
2021,GER 202,武蔵野INITIAL,ドイツ語発展２,2年,0,1
2021,SPA 101,武蔵野INITIAL,スペイン語基礎１,1年,0,1
2021,SPA 102,武蔵野INITIAL,スペイン語基礎２,1年,0,1
2021,SPA 201,武蔵野INITIAL,スペイン語発展１,2年,0,1
2021,SPA 202,武蔵野INITIAL,スペイン語発展２,2年,0,1
2021,KOR 101,武蔵野INITIAL,韓国語基礎１,1年,0,1
2021,KOR 102,武蔵野INITIAL,韓国語基礎２,1年,0,1
2021,KOR 201,武蔵野INITIAL,韓国語発展１,2年,0,1
2021,KOR 202,武蔵野INITIAL,韓国語発展２,2年,0,1
2021,AL 301,武蔵野INITIAL,留学準備１,1年,0,1
2021,AL 302,武蔵野INITIAL,留学準備２,1年,0,1
2021,AL 101,武蔵野INITIAL,英語資格・検定試験対策１,1年,0,1
2021,AL 102,武蔵野INITIAL,英語資格・検定試験対策２,1年,0,1
2021,JL 101,武蔵野INITIAL,⽇本語リテラシー,1年,1,0
2021,JPA 201,武蔵野INITIAL,⽇本語基礎Ａ,1年,0,1
2021,JPA 202,武蔵野INITIAL,⽇本語基礎Ｂ,1年,0,1
2021,JPA 203,武蔵野INITIAL,⽇本語基礎Ｃ,1年,0,1
2021,JPA 204,武蔵野INITIAL,⽇本語基礎Ｄ,1年,0,1
2021,JPA 301,武蔵野INITIAL,⽇本語発展Ａ,2年,0,1
2021,JPA 302,武蔵野INITIAL,⽇本語発展Ｂ,2年,0,1
2021,JPA 303,武蔵野INITIAL,⽇本語発展Ｃ,2年,0,1
2021,JPA 304,武蔵野INITIAL,⽇本語発展Ｄ,2年,0,1
2021,JPA 101,武蔵野INITIAL,⽇本事情,1年,0,2
2021,SDG 101,武蔵野INITIAL,ＳＤＧｓ基礎,1年,1,0
2021,SDG 201,武蔵野INITIAL,ＳＤＧｓ発展１,1年,1,0
2021,SDG 202,武蔵野INITIAL,ＳＤＧｓ発展２,1年,1,0
2021,SDG 203,武蔵野INITIAL,ＳＤＧｓ発展３,1年,1,0
2021,CHP 301,武蔵野INITIAL,ＳＤＧｓ特講,3年,0,2
2021,FW 101,武蔵野INITIAL,フィールド・スタディーズ,1年,1,0
2021,FW 111,武蔵野INITIAL,フィールド・スタディーズ１,1年,0,1
2021,FW 112,武蔵野INITIAL,フィールド・スタディーズ２,1年,0,2
2021,FW 113,武蔵野INITIAL,フィールド・スタディーズ３,1年,0,3
2021,FW 114,武蔵野INITIAL,フィールド・スタディーズ４,1年,0,4
2021,AFS 101,武蔵野INITIAL,フィールド・スタディーズ発展１Ａ,1年,0,1
2021,AFS 102,武蔵野INITIAL,フィールド・スタディーズ発展１Ｂ,1年,0,2
2021,AFS 103,武蔵野INITIAL,フィールド・スタディーズ発展１Ｃ,1年,0,3
2021,AFS 104,武蔵野INITIAL,フィールド・スタディーズ発展１Ｄ,1年,0,4
2021,AFS 201,武蔵野INITIAL,フィールド・スタディーズ発展２Ａ,2年,0,1
2021,AFS 202,武蔵野INITIAL,フィールド・スタディーズ発展２Ｂ,2年,0,2
2021,AFS 203,武蔵野INITIAL,フィールド・スタディーズ発展２Ｃ,2年,0,3
2021,AFS 204,武蔵野INITIAL,フィールド・スタディーズ発展２Ｄ,2年,0,4
2021,AFS 205,武蔵野INITIAL,フィールド・スタディーズ発展２Ｅ,2年,0,5
2021,AFS 301,武蔵野INITIAL,フィールド・スタディーズ発展３Ａ,3年,0,1
2021,AFS 302,武蔵野INITIAL,フィールド・スタディーズ発展３Ｂ,3年,0,2
2021,AFS 303,武蔵野INITIAL,フィールド・スタディーズ発展３Ｃ,3年,0,3
2021,AFS 304,武蔵野INITIAL,フィールド・スタディーズ発展３Ｄ,3年,0,4
2021,AFS 305,武蔵野INITIAL,フィールド・スタディーズ発展３Ｅ,3年,0,5
2021,AFS 401,武蔵野INITIAL,フィールド・スタディーズ発展４Ａ,4年,0,1
2021,AFS 402,武蔵野INITIAL,フィールド・スタディーズ発展４Ｂ,4年,0,2
2021,AFS 403,武蔵野INITIAL,フィールド・スタディーズ発展４Ｃ,4年,0,3
2021,AFS 404,武蔵野INITIAL,フィールド・スタディーズ発展４Ｄ,4年,0,4
2021,CD 211,武蔵野INITIAL,インターンシップ,2年,0,1
2021,CD 212,武蔵野INITIAL,企業協働プロジェクト,2年,0,2
2021,LAS 101,武蔵野INITIAL,全学教養ゼミナール１,1年,0,2
2021,LAS 102,武蔵野INITIAL,全学教養ゼミナール２,1年,0,2
2021,EC 101,武蔵野INITIAL,武蔵野市⾃由講座,1年,0,2
2021,EC 202,武蔵野INITIAL,証券ビジネス論,2年,0,2
2021,EC 205,武蔵野INITIAL,未来型都市とメディア,2年,0,2
2021,DS 101,学科,データサイエンス学,1年,2,0
2021,INFO 141,学科,⼈類と⼈⼯知能(AI),1年,2,0
2021,CS 101,学科,メディアクリエーション・データデザイン演習Ⅰ,1年,1,0
2021,CS 102,学科,メディアクリエーション・データデザイン演習Ⅱ,1年,1,0
2021,INFO 101,学科,データサイエンスプログラミング演習Ⅰ,1年,1,0
2021,INFO 102,学科,データサイエンスプログラミング演習Ⅱ,1年,1,0
2021,INFO 211,学科,データと数理Ⅰ,2年,2,0
2021,INFO 212,学科,データと数理Ⅱ,2年,2,0
2021,ECO 201,学科,データと経済統計,1年,2,0
2021,ECO 202,学科,データと計量経済学,2年,2,0
2021,CS 111,学科,ソーシャルイノベーションの起こし⽅,1年,2,0
2021,ES 201,学科,グリーンエコノミー基礎,1年,2,0
2021,INFO 205,学科,サイバーフィジカルシステム,2年,2,0
2021,INFO 121,学科,機械学習と深層学習,1年,2,0
2021,INFO 206,学科,Webテクノロジ,2年,2,0
2021,INFO 221,学科,複合現実,2年,2,0
2021,CS 211,学科,マーケティングデータ分析,2年,2,0
2021,INFO 201,学科,機械学習デザイン演習Ⅰ,2年,1,0
2021,INFO 202,学科,機械学習デザイン演習Ⅱ,2年,1,0
2021,INFO 203,学科,⼈⼯知能(AI)デザイン演習Ⅰ,2年,1,0
2021,INFO 204,学科,⼈⼯知能(AI)デザイン演習Ⅱ,2年,1,0
2021,DS 301,学科,データサイエンス特論,3年,2,0
2021,ECO 301,学科,情報経済特論,3年,2,0
2021,INFO 323,学科,データマイニング,3年,2,0
2021,INFO 241,学科,⼈⼯知能(AI)テクノロジ,2年,0,2
2021,INFO 301,学科,マルチメディア知識ベース,3年,0,2
2021,INFO 343,学科,⼈⼯知能(AI)・⼈間協調進化システム,3年,0,2
2021,INFO 345,学科,⼈⼯知能(AI)ゲームクリエーション,3年,0,2
2021,INFO 324,学科,ロボティクス・IoT,3年,0,2
2021,INFO 346,学科,サイバーセキュリティと⼈⼯知能(AI),3年,0,2
2021,INFO 222,学科,機械学習アルゴリズムデザイン,2年,0,2
2021,INFO 302,学科,データベースデザイン,3年,0,2
2021,INFO 321,学科,画像・⾳声認識システム,3年,0,2
2021,INFO 322,学科,テキストマイニング,3年,0,2
2021,INFO 303,学科,時空間データベース,3年,0,2
2021,ES 303,学科,リアルワールド解析シミュレータ,3年,0,2
2021,CS 311,学科,マーケティング・オートメーション,3年,0,2
2021,INFO 341,学科,⼈⼯知能(AI)社会の情報倫理,3年,0,2
2021,ES 301,学科,社会・環境・ビジネスデザイン,3年,0,2
2021,SS 311,学科,グローバル・ビジネス・ガバナンス,3年,0,2
2021,CS 312,学科,ビジネスモデル創出,3年,0,2
2021,ES 302,学科,社会・環境・ビジネスフィールドワーク,3年,0,2
2021,INFO 342,学科,専⾨コース演習Ⅰ(⼈⼯知能(AI)クリエーション),3年,1,0
2021,INFO 344,学科,専⾨コース演習Ⅱ(⼈⼯知能(AI)アルゴリズムデザイン),3年,1,0
2021,CS 313,学科,専⾨コース演習Ⅲ(ソーシャルイノベーション),3年,1,0
2021,SS 201,学科,社会連携活動概論,2年,1,0
2021,SS 202,学科,データサイエンス社会実践学習(短期）,2・3年,0,1
2021,SS 203,学科,データサイエンス社会実践学習(中期),2・3年,0,2
2021,SS 204,学科,データサイエンス社会実践学習(⻑期),2・3年,0,3
2021,SS 205,学科,データサイエンス社会実践学習(海外),2・3年,0,4
2021,DS 102,学科,未来創造PJ-AⅠ,1年,0,4
2021,DS 103,学科,未来創造PJ-BⅠ,1年,0,2
2021,DS 201,学科,未来創造PJ-AⅡ,2年,0,4
2021,DS 202,学科,未来創造PJ-BⅡ,2年,0,2
2021,DS 203,学科,未来創造PJ-AⅢ,2年,0,4
2021,DS 204,学科,未来創造PJ-BⅢ,2年,0,2
2021,DS 302,学科,未来創造PJ-AⅣ,3年,0,4
2021,DS 303,学科,未来創造PJ-BⅣ,3年,0,2
2021,DS 304,学科,卒業論⽂創成課題,3年,2,0
2021,DS 401,学科,卒業論⽂Ⅰ,4年,4,0
2021,DS 402,学科,卒業論⽂Ⅱ,4年,4,0
2022,BDS 101,武蔵野INITHIAL,仏教（⽣き⽅を考える）基礎,1年,2,0
2022,BDS 301,武蔵野INITHIAL,仏教（⽣き⽅を考える）発展,3年,2,0
2022,HPE 101,武蔵野INITHIAL,スポーツと⾝体科学,1年,0,1
2022,HPE 201,武蔵野INITHIAL,フィールド・スポーツ,2年,0,1
2022,SIC 101,武蔵野INITHIAL,データサイエンス基礎,1年,1,0
2022,SIC 102,武蔵野INITHIAL,⼈⼯知能基礎,1年,1,0
2022,SIC 105,武蔵野INITHIAL,メディアリテラシー,1年,0,1
2022,SIC 103,武蔵野INITHIAL,情報技法基礎,1年,0,1
2022,SIC 201,武蔵野INITHIAL,情報技法発展Ａ,2年,0,1
2022,SIC 202,武蔵野INITHIAL,情報技法発展Ｂ,2年,0,1
2022,SIC 203,武蔵野INITHIAL,情報技法発展Ｃ,2年,0,1
2022,SIC 104,武蔵野INITHIAL,プログラミング基礎,1年,0,1
2022,SIC 204,武蔵野INITHIAL,プログラミング発展Ａ,2年,0,1
2022,SIC 205,武蔵野INITHIAL,プログラミング発展Ｂ,2年,0,1
2022,SIC 206,武蔵野INITHIAL,⼈⼯知能技術と社会,2年,0,1
2022,SIC 207,武蔵野INITHIAL,機械学習活⽤１,2年,0,1
2022,SIC 208,武蔵野INITHIAL,機械学習活⽤２,2年,0,1
2022,SIC 209,武蔵野INITHIAL,データサイエンス活⽤１,2年,0,1
2022,SIC 210,武蔵野INITHIAL,データサイエンス活⽤２,2年,0,1
2022,SIC 211,武蔵野INITHIAL,メディアデザイン,2年,0,1
2022,SIC 213,武蔵野INITHIAL,サービスデザイン,2年,0,1
2022,SIC 301,武蔵野INITHIAL,⼈⼯知能実践プロジェクト,3年,0,2
2022,ENG 101,武蔵野INITHIAL,英語基礎Ａ,1年,2,0
2022,ENG 102,武蔵野INITHIAL,英語基礎Ｂ,1年,0,1
2022,ENG 103,武蔵野INITHIAL,英語基礎Ｃ,1年,2,0
2022,ENG 104,武蔵野INITHIAL,英語基礎Ｄ,1年,0,1
2022,ENG 201,武蔵野INITHIAL,英語発展Ａ,2年,0,1
2022,ENG 202,武蔵野INITHIAL,英語発展Ｂ,2年,0,1
2022,ENG 203,武蔵野INITHIAL,英語発展Ｃ,2年,0,1
2022,ENG 204,武蔵野INITHIAL,英語発展Ｄ,2年,0,1
2022,ENG 301,武蔵野INITHIAL,英語綜合Ａ,3年,0,1
2022,ENG 302,武蔵野INITHIAL,英語綜合Ｂ,3年,0,1
2022,CHN 101,武蔵野INITHIAL,中国語基礎１,1年,0,1
2022,CHN 102,武蔵野INITHIAL,中国語基礎２,1年,0,1
2022,CHN 201,武蔵野INITHIAL,中国語発展１,2年,0,1
2022,CHN 202,武蔵野INITHIAL,中国語発展２,2年,0,1
2022,FRA 101,武蔵野INITHIAL,フランス語基礎１,1年,0,1
2022,FRA 102,武蔵野INITHIAL,フランス語基礎２,1年,0,1
2022,FRA 201,武蔵野INITHIAL,フランス語発展１,2年,0,1
2022,FRA 202,武蔵野INITHIAL,フランス語発展２,2年,0,1
2022,GER 101,武蔵野INITHIAL,ドイツ語基礎１,1年,0,1
2022,GER 102,武蔵野INITHIAL,ドイツ語基礎２,1年,0,1
2022,GER 201,武蔵野INITHIAL,ドイツ語発展１,2年,0,1
2022,GER 202,武蔵野INITHIAL,ドイツ語発展２,2年,0,1
2022,SPA 101,武蔵野INITHIAL,スペイン語基礎１,1年,0,1
2022,SPA 102,武蔵野INITHIAL,スペイン語基礎２,1年,0,1
2022,SPA 201,武蔵野INITHIAL,スペイン語発展１,2年,0,1
2022,SPA 202,武蔵野INITHIAL,スペイン語発展２,2年,0,1
2022,KOR 101,武蔵野INITHIAL,韓国語基礎１,1年,0,1
2022,KOR 102,武蔵野INITHIAL,韓国語基礎２,1年,0,1
2022,KOR 201,武蔵野INITHIAL,韓国語発展１,2年,0,1
2022,KOR 202,武蔵野INITHIAL,韓国語発展２,2年,0,1
2022,AL 301,武蔵野INITHIAL,留学準備１,1年,0,1
2022,AL 302,武蔵野INITHIAL,留学準備２,1年,0,1
2022,AL 101,武蔵野INITHIAL,英語資格・検定試験対策１,1年,0,1
2022,AL 102,武蔵野INITHIAL,英語資格・検定試験対策２,1年,0,1
2022,JL 101,武蔵野INITHIAL,⽇本語リテラシー,1年,1,0
2022,JPA 201,武蔵野INITHIAL,⽇本語基礎Ａ,1年,0,1
2022,JPA 202,武蔵野INITHIAL,⽇本語基礎Ｂ,1年,0,1
2022,JPA 203,武蔵野INITHIAL,⽇本語基礎Ｃ,1年,0,1
2022,JPA 204,武蔵野INITHIAL,⽇本語基礎Ｄ,1年,0,1
2022,JPA 301,武蔵野INITHIAL,⽇本語発展Ａ,2年,0,1
2022,JPA 302,武蔵野INITHIAL,⽇本語発展Ｂ,2年,0,1
2022,JPA 303,武蔵野INITHIAL,⽇本語発展Ｃ,2年,0,1
2022,JPA 304,武蔵野INITHIAL,⽇本語発展Ｄ,2年,0,1
2022,JPA 101,武蔵野INITHIAL,⽇本事情,1年,0,2
2022,SDG 101,武蔵野INITHIAL,ＳＤＧｓ基礎,1年,1,0
2022,SDG 201,武蔵野INITHIAL,ＳＤＧｓ発展１,1年,1,0
2022,SDG 202,武蔵野INITHIAL,ＳＤＧｓ発展２,1年,1,0
2022,SDG 203,武蔵野INITHIAL,ＳＤＧｓ発展３,1年,1,0
2022,CHP 301,武蔵野INITHIAL,ＳＤＧｓ特講,3年,0,2
2022,FW 101,武蔵野INITHIAL,フィールド・スタディーズ,1年,0,1
2022,FW 111,武蔵野INITHIAL,フィールド・スタディーズ１,1年,0,1
2022,FW 112,武蔵野INITHIAL,フィールド・スタディーズ２,1年,0,2
2022,FW 113,武蔵野INITHIAL,フィールド・スタディーズ３,1年,0,3
2022,FW 114,武蔵野INITHIAL,フィールド・スタディーズ４,1年,0,4
2022,AFS 101,武蔵野INITHIAL,フィールド・スタディーズ発展１Ａ,1年,0,1
2022,AFS 102,武蔵野INITHIAL,フィールド・スタディーズ発展１Ｂ,1年,0,2
2022,AFS 103,武蔵野INITHIAL,フィールド・スタディーズ発展１Ｃ,1年,0,3
2022,AFS 104,武蔵野INITHIAL,フィールド・スタディーズ発展１Ｄ,1年,0,4
2022,AFS 201,武蔵野INITHIAL,フィールド・スタディーズ発展２Ａ,2年,0,1
2022,AFS 202,武蔵野INITHIAL,フィールド・スタディーズ発展２Ｂ,2年,0,2
2022,AFS 203,武蔵野INITHIAL,フィールド・スタディーズ発展２Ｃ,2年,0,3
2022,AFS 204,武蔵野INITHIAL,フィールド・スタディーズ発展２Ｄ,2年,0,4
2022,AFS 205,武蔵野INITHIAL,フィールド・スタディーズ発展２Ｅ,2年,0,5
2022,AFS 301,武蔵野INITHIAL,フィールド・スタディーズ発展３Ａ,3年,0,1
2022,AFS 302,武蔵野INITHIAL,フィールド・スタディーズ発展３Ｂ,3年,0,2
2022,AFS 303,武蔵野INITHIAL,フィールド・スタディーズ発展３Ｃ,3年,0,3
2022,AFS 304,武蔵野INITHIAL,フィールド・スタディーズ発展３Ｄ,3年,0,4
2022,AFS 305,武蔵野INITHIAL,フィールド・スタディーズ発展３Ｅ,3年,0,5
2022,AFS 401,武蔵野INITHIAL,フィールド・スタディーズ発展４Ａ,4年,0,1
2022,AFS 402,武蔵野INITHIAL,フィールド・スタディーズ発展４Ｂ,4年,0,2
2022,AFS 403,武蔵野INITHIAL,フィールド・スタディーズ発展４Ｃ,4年,0,3
2022,AFS 404,武蔵野INITHIAL,フィールド・スタディーズ発展４Ｄ,4年,0,4
2022,CD 211,武蔵野INITHIAL,インターンシップ,2年,0,1
2022,CD 212,武蔵野INITHIAL,企業協働プロジェクト,2年,0,2
2022,LAS 101,武蔵野INITHIAL,全学教養ゼミナール１,1年,0,2
2022,LAS 102,武蔵野INITHIAL,全学教養ゼミナール２,1年,0,2
2022,EC 101,武蔵野INITHIAL,武蔵野市⾃由講座,1年,0,2
2022,EC 202,武蔵野INITHIAL,証券ビジネス論,2年,0,2
2022,DS 101,学科,データサイエンス学,1年,2,0
2022,INFO 141,学科,⼈類と⼈⼯知能(AI),1年,2,0
2022,CS 101,学科,メディアクリエーション・データデザイン演習Ⅰ,1年,1,0
2022,CS 102,学科,メディアクリエーション・データデザイン演習Ⅱ,1年,1,0
2022,INFO 101,学科,データサイエンスプログラミング演習Ⅰ,1年,1,0
2022,INFO 102,学科,データサイエンスプログラミング演習Ⅱ,1年,1,0
2022,INFO 211,学科,データと数理Ⅰ,2年,2,0
2022,INFO 212,学科,データと数理Ⅱ,2年,2,0
2022,ECO 101,学科,データと経済統計,1年,2,0
2022,ECO 202,学科,データと計量経済学,2年,2,0
2022,CS 111,学科,ソーシャルイノベーションの起こし⽅,1年,2,0
2022,ES 101,学科,グリーンエコノミー基礎,1年,2,0
2022,INFO 205,学科,サイバーフィジカルシステム,2年,2,0
2022,INFO 121,学科,機械学習と深層学習,1年,2,0
2022,INFO 206,学科,Webテクノロジ,2年,2,0
2022,INFO 221,学科,複合現実,2年,2,0
2022,CS 211,学科,マーケティングデータ分析,2年,2,0
2022,INFO 201,学科,機械学習デザイン演習Ⅰ,2年,1,0
2022,INFO 202,学科,機械学習デザイン演習Ⅱ,2年,1,0
2022,INFO 203,学科,⼈⼯知能(AI)デザイン演習Ⅰ,2年,1,0
2022,INFO 204,学科,⼈⼯知能(AI)デザイン演習Ⅱ,2年,1,0
2022,DS 301,学科,データサイエンス特論,3年,2,0
2022,ECO 301,学科,情報経済特論,3年,2,0
2022,INFO 323,学科,データマイニング,3年,2,0
2022,INFO 241,学科,⼈⼯知能(AI)テクノロジ,2年,0,2
2022,INFO 301,学科,マルチメディア知識ベース,3年,0,2
2022,INFO 343,学科,⼈⼯知能(AI)・⼈間協調進化システム,3年,0,2
2022,INFO 345,学科,⼈⼯知能(AI)ゲームクリエーション,3年,0,2
2022,INFO 324,学科,ロボティクス・IoT,3年,0,2
2022,INFO 346,学科,サイバーセキュリティと⼈⼯知能(AI),3年,0,2
2022,INFO 222,学科,機械学習アルゴリズムデザイン,2年,0,2
2022,INFO 302,学科,データベースデザイン,3年,0,2
2022,INFO 321,学科,画像・⾳声認識システム,3年,0,2
2022,INFO 322,学科,テキストマイニング,3年,0,2
2022,INFO 303,学科,時空間データベース,3年,0,2
2022,ES 303,学科,リアルワールド解析シミュレータ,3年,0,2
2022,CS 311,学科,マーケティング・オートメーション,3年,0,2
2022,INFO 341,学科,⼈⼯知能(AI)社会の情報倫理,3年,0,2
2022,ES 301,学科,社会・環境・ビジネスデザイン,3年,0,2
2022,SS 311,学科,グローバル・ビジネス・ガバナンス,3年,0,2
2022,CS 312,学科,ビジネスモデル創出,3年,0,2
2022,ES 302,学科,社会・環境・ビジネスフィールドワーク,3年,0,2
2022,INFO 342,学科,専⾨コース演習Ⅰ(⼈⼯知能(AI)クリエーション),3年,1,0
2022,INFO 344,学科,専⾨コース演習Ⅱ(⼈⼯知能(AI)アルゴリズムデザイン),3年,1,0
2022,CS 313,学科,専⾨コース演習Ⅲ(ソーシャルイノベーション),3年,1,0
2022,SS 201,学科,社会連携活動概論,2年,1,0
2022,SS 202,学科,データサイエンス社会実践学習(短期）,2・3年,0,1
2022,SS 203,学科,データサイエンス社会実践学習(中期),2・3年,0,2
2022,SS 204,学科,データサイエンス社会実践学習(⻑期),2・3年,0,3
2022,SS 205,学科,データサイエンス社会実践学習(海外),2・3年,0,4
2022,DS 102,学科,未来創造PJ-AⅠ,1年,0,4
2022,DS 103,学科,未来創造PJ-BⅠ,1年,0,2
2022,DS 201,学科,未来創造PJ-AⅡ,2年,0,4
2022,DS 202,学科,未来創造PJ-BⅡ,2年,0,2
2022,DS 203,学科,未来創造PJ-AⅢ,2年,0,4
2022,DS 204,学科,未来創造PJ-BⅢ,2年,0,2
2022,DS 302,学科,未来創造PJ-AⅣ,3年,0,4
2022,DS 303,学科,未来創造PJ-BⅣ,3年,0,2
2022,DS 304,学科,卒業論⽂創成課題,3年,2,0
2022,DS 401,学科,卒業論⽂Ⅰ,4年,4,0
2022,DS 402,学科,卒業論⽂Ⅱ,4年,4,0
